Enter password: *****************
Welcome to the MySQL monitor.  Commands end with ; or \g.
Your MySQL connection id is 8
Server version: 8.0.31 MySQL Community Server - GPL

Copyright (c) 2000, 2022, Oracle and/or its affiliates.

Oracle is a registered trademark of Oracle Corporation and/or its
affiliates. Other names may be trademarks of their respective
owners.

Type 'help;' or '\h' for help. Type '\c' to clear the current input statement.

---------------------------------------------------------------------------------------------------------------------------------------------------------------------------------------------------------------------------------------------
//UC1: Ability to create a addressbook service database
---------------------------------------------------------------------------------------------------------------------------------------------------------------------------------------------------------------------------------------------

->create database query to create a addressbook_service database

mysql> CREATE DATABASE addressbook_service;
Query OK, 1 row affected (0.05 sec)

-> see the databases created using query show databases

mysql> show databases;
+---------------------+
| Database            |
+---------------------+
| addressbook_service |
| information_schema  |
| mysql               |
| payroll_service     |
| performance_schema  |
| pets                |
| sakila              |
| sys                 |
| world               |
+---------------------+
9 rows in set (0.04 sec)

-> for use of addressbook_service database which Done by using query USE addressbook_service

mysql> USE addressbook_service;
Database changed

-> Only Showing the database which you have selected which is done by using query SELECT DATABASE()

mysql> SELECT DATABASE();
+---------------------+
| DATABASE()          |
+---------------------+
| addressbook_service |
+---------------------+
1 row in set (0.00 sec)

---------------------------------------------------------------------------------------------------------------------------------------------------------------------------------------------------------------------------------------------
//UC2: Ability to create a AddressBook Table with first and last names, address, city, state, zip, phone number and email as its attributes
---------------------------------------------------------------------------------------------------------------------------------------------------------------------------------------------------------------------------------------------

-> create Table addressbook with first and last name, address, city, state, zip, phone number, email

mysql> CREATE TABLE addressbook
    -> (
    ->  Id                                              INT unsigned NOT NULL AUTO_INCREMENT,
    ->  FirstName                                       VARCHAR(150) NOT NULL,
    ->  LastName                                        VARCHAR(150) NOT NULL,
    ->  Address                                         VARCHAR(250) NOT NULL,
    ->  City                                            VARCHAR(30) NOT NULL,
    ->  State                                           VARCHAR(30) NOT NULL,
    ->  Zip                                             INT NOT NULL,
    ->  PhoneNumber                                     VARCHAR(10) NOT NULL,
    ->  Email                                           VARCHAR(30),
    ->  PRIMARY KEY                                     (Id)
    -> );
Query OK, 0 rows affected (0.03 sec)

-> use DESCRIBE addresbook query to show the description of the table

mysql> DESCRIBE addressbook;
+--------------+--------------+------+-----+---------+----------------+
| Field        | Type         | Null | Key | Default | Extra          |
+--------------+--------------+------+-----+---------+----------------+
| Id           | int unsigned | NO   | PRI | NULL    | auto_increment |
| FirstName    | varchar(150) | NO   |     | NULL    |                |
| LastName     | varchar(150) | NO   |     | NULL    |                |
| Address      | varchar(250) | NO   |     | NULL    |                |
| City         | varchar(30)  | NO   |     | NULL    |                |
| State        | varchar(30)  | NO   |     | NULL    |                |
| Zip          | int          | NO   |     | NULL    |                |
| PhoneNumber  | int          | NO   |     | NULL    |                |
| Email        | varchar(30)  | NO   |     | NULL    |                |
+--------------+--------------+------+-----+---------+----------------+
9 rows in set (0.01 sec)

